dataset,method,importance_method,pool_factor,ndcg@5,recall@5,avg_tokens,compression_ratio,pool_time_s,score_time_s,seed,model
docvqa_test_subsampled,none,,1,0.5162240253686905,0.598,1069.682,0.0,4.0531158447265625e-06,69.61031723022461,,colmodernvbert
docvqa_test_subsampled,random,,2,0.4791899628639221,0.56,534.38,0.5004309692039317,,,42.0,colmodernvbert
docvqa_test_subsampled,hierarchical,,2,0.5184894460439682,0.6,534.38,0.5004309692039317,212.29994821548465,100.19475078582764,,colmodernvbert
docvqa_test_subsampled,topk,self_similarity,2,0.4513569461107254,0.532,534.38,0.5004309692039317,6.709613800048828,98.5271453857422,,colmodernvbert
docvqa_test_subsampled,weighted_hierarchical,self_similarity,2,0.518350799202919,0.602,534.38,0.5004309692039317,343.7867012023926,134.18509030342102,,colmodernvbert
docvqa_test_subsampled,protect_and_pool,self_similarity,2,0.5101589881181717,0.586,534.38,0.5004309692039317,151.3762013912201,148.66339135169983,,colmodernvbert
docvqa_test_subsampled,adaptive,self_similarity,2,0.5081554269790649,0.588,421.868,0.6056136309669603,378.1985995769501,147.7527322769165,,colmodernvbert
docvqa_test_subsampled,split_allocate,self_similarity,2,0.5120049071311951,0.59,534.38,0.5004309692039317,258.1026833057404,134.57294058799744,,colmodernvbert
docvqa_test_subsampled,topk,centroid_distance,2,0.4864374175071716,0.566,534.38,0.5004309692039317,7.427053689956665,140.53622007369995,,colmodernvbert
docvqa_test_subsampled,weighted_hierarchical,centroid_distance,2,0.5177003062963486,0.6,534.38,0.5004309692039317,441.0370945930481,141.26598525047302,,colmodernvbert
docvqa_test_subsampled,protect_and_pool,centroid_distance,2,0.5065620263814926,0.588,534.38,0.5004309692039317,179.3722698688507,162.66977620124817,,colmodernvbert
docvqa_test_subsampled,adaptive,centroid_distance,2,0.5157857875823975,0.6,564.372,0.4723927298019411,352.0358204841614,138.34778928756714,,colmodernvbert
docvqa_test_subsampled,split_allocate,centroid_distance,2,0.5113565804958343,0.588,534.38,0.5004309692039317,218.2791612148285,120.75689482688904,,colmodernvbert
docvqa_test_subsampled,random,,4,0.4368131486177444,0.518,267.18,0.7502248331747192,,,42.0,colmodernvbert
docvqa_test_subsampled,hierarchical,,4,0.509072423696518,0.588,267.18,0.7502248331747192,348.1234769821167,116.9950625896454,,colmodernvbert
docvqa_test_subsampled,topk,self_similarity,4,0.4048734364509582,0.476,267.18,0.7502248331747192,3.398468494415283,86.61632013320923,,colmodernvbert
docvqa_test_subsampled,weighted_hierarchical,self_similarity,4,0.4999125627279281,0.578,267.18,0.7502248331747192,311.09698247909546,107.73335719108582,,colmodernvbert
docvqa_test_subsampled,protect_and_pool,self_similarity,4,0.4792254754304886,0.556,267.18,0.7502248331747192,185.9954116344452,105.91524815559389,,colmodernvbert
docvqa_test_subsampled,adaptive,self_similarity,4,0.5012297527790069,0.588,208.564,0.8050224272260353,288.7832455635071,93.22754764556883,,colmodernvbert
docvqa_test_subsampled,split_allocate,self_similarity,4,0.5011791191101074,0.588,267.18,0.7502248331747192,140.39881348609924,103.20053791999815,,colmodernvbert
docvqa_test_subsampled,topk,centroid_distance,4,0.4073543616533279,0.466,267.18,0.7502248331747192,3.109187364578247,82.09700036048889,,colmodernvbert
docvqa_test_subsampled,weighted_hierarchical,centroid_distance,4,0.5098982117176056,0.586,267.18,0.7502248331747192,301.0298864841461,103.53917908668518,,colmodernvbert
docvqa_test_subsampled,protect_and_pool,centroid_distance,4,0.4775498942136764,0.562,267.18,0.7502248331747192,190.18644738197327,103.41220951080322,,colmodernvbert
docvqa_test_subsampled,adaptive,centroid_distance,4,0.5095641913414002,0.59,343.296,0.6790672368049571,257.33866333961487,102.6086699962616,,colmodernvbert
docvqa_test_subsampled,split_allocate,centroid_distance,4,0.5032477726936341,0.576,267.18,0.7502248331747192,140.84367728233337,113.39307379722597,,colmodernvbert
docvqa_test_subsampled,random,,8,0.365462192773819,0.444,133.1,0.8755704966522762,,,42.0,colmodernvbert
docvqa_test_subsampled,hierarchical,,8,0.4757987450361252,0.556,133.1,0.8755704966522762,297.70502066612244,100.04705262184144,,colmodernvbert
docvqa_test_subsampled,topk,self_similarity,8,0.339128121137619,0.406,133.1,0.8755704966522762,1.829671621322632,70.03076601028442,,colmodernvbert
docvqa_test_subsampled,weighted_hierarchical,self_similarity,8,0.4791956363916397,0.564,133.1,0.8755704966522762,302.3228905200958,87.38238596916199,,colmodernvbert
docvqa_test_subsampled,protect_and_pool,self_similarity,8,0.4124032485485077,0.484,133.1,0.8755704966522762,204.01284003257751,95.66229009628296,,colmodernvbert
docvqa_test_subsampled,adaptive,self_similarity,8,0.4622822546958923,0.546,103.782,0.9029786422506876,249.73712515831,92.78960633277892,,colmodernvbert
docvqa_test_subsampled,split_allocate,self_similarity,8,0.4581956902742385,0.534,133.1,0.8755704966522762,140.0147876739502,72.34931206703186,,colmodernvbert
docvqa_test_subsampled,topk,centroid_distance,8,0.3000795998573303,0.362,133.1,0.8755704966522762,1.8622355461120603,71.63315105438232,,colmodernvbert
docvqa_test_subsampled,weighted_hierarchical,centroid_distance,8,0.4744101116657257,0.556,133.1,0.8755704966522762,312.06020998954773,96.71452116966248,,colmodernvbert
docvqa_test_subsampled,protect_and_pool,centroid_distance,8,0.4331554795503616,0.524,133.1,0.8755704966522762,209.8656206130981,92.4208471775055,,colmodernvbert
docvqa_test_subsampled,adaptive,centroid_distance,8,0.489913645863533,0.57,164.446,0.8462664604994755,268.7464156150818,96.96143889427184,,colmodernvbert
docvqa_test_subsampled,split_allocate,centroid_distance,8,0.492361590385437,0.572,133.1,0.8755704966522762,152.4311981201172,73.66509866714478,,colmodernvbert
infovqa_test_subsampled,none,,1,0.8567,0.904,723.0,0.0,0.0,82.0,,colmodernvbert
docvqa_test_subsampled,importance_weighted_distance,self_similarity,2,0.5077100143432617,0.584,534.38,0.5004309692039317,25.20944094657898,22.43794012069702,,colmodernvbert
docvqa_test_subsampled,importance_weighted_distance,centroid_distance,2,0.5117940468788147,0.59,534.38,0.5004309692039317,27.223334074020386,27.34772276878357,,colmodernvbert
docvqa_test_subsampled,importance_weighted_distance,self_similarity,4,0.5073095079660416,0.588,267.18,0.7502248331747192,25.935524463653564,24.345701217651367,,colmodernvbert
docvqa_test_subsampled,importance_weighted_distance,centroid_distance,4,0.5115702843666077,0.59,267.18,0.7502248331747192,28.562239170074463,36.525044441223145,,colmodernvbert
docvqa_test_subsampled,importance_weighted_distance,self_similarity,8,0.4892632068395615,0.572,133.1,0.8755704966522762,30.91711711883545,33.93978309631348,,colmodernvbert
docvqa_test_subsampled,importance_weighted_distance,centroid_distance,8,0.4955713675022125,0.578,133.1,0.8755704966522762,37.55881690979004,42.55955672264099,,colmodernvbert
infovqa_test_subsampled,none,,1,0.8567,0.904,723.0,0.0,0.0,82.0,,colmodernvbert
infovqa_test_subsampled,hierarchical,,2,0.8501,0.896,361.0,0.501,121.7,105.4,,colmodernvbert
infovqa_test_subsampled,weighted_hierarchical,self_similarity,2,0.8497,0.9,361.0,0.501,124.6,112.9,,colmodernvbert
infovqa_test_subsampled,split_allocate,self_similarity,2,0.8466,0.892,361.0,0.501,91.3,88.7,,colmodernvbert
infovqa_test_subsampled,importance_weighted_distance,self_similarity,2,0.852,0.9,361.0,0.501,55.9,124.6,,colmodernvbert
infovqa_test_subsampled,weighted_hierarchical,centroid_distance,2,0.8488,0.896,361.0,0.501,157.4,116.8,,colmodernvbert
infovqa_test_subsampled,split_allocate,centroid_distance,2,0.849,0.898,361.0,0.501,93.3,95.0,,colmodernvbert
infovqa_test_subsampled,importance_weighted_distance,centroid_distance,2,0.8501,0.9,361.0,0.501,50.2,127.1,,colmodernvbert
infovqa_test_subsampled,random,n/a,2,0.8193805856704712,0.886,361.212,0.5006207470531796,,,,colmodernvbert
infovqa_test_subsampled,random,n/a,4,0.7711472228765488,0.838,180.604,0.7503131385468712,,,,colmodernvbert
infovqa_test_subsampled,hierarchical,n/a,4,0.8409373393058777,0.894,180.604,0.7503131385468712,36.247430086135864,8.042250156402588,,colmodernvbert
infovqa_test_subsampled,weighted_hierarchical,self_similarity,4,0.8365723980665207,0.894,180.604,0.7503131385468712,37.68182921409607,8.316342115402222,,colmodernvbert
infovqa_test_subsampled,split_allocate,self_similarity,4,0.8299553579092026,0.89,180.604,0.7503131385468712,13.897366046905518,8.028761625289917,,colmodernvbert
infovqa_test_subsampled,importance_weighted_distance,self_similarity,4,0.8396197836399079,0.89,180.604,0.7503131385468712,11.268235206604004,8.250078201293945,,colmodernvbert
infovqa_test_subsampled,weighted_hierarchical,centroid_distance,4,0.8409373393058777,0.894,180.604,0.7503131385468712,37.61352181434631,8.10509181022644,,colmodernvbert
infovqa_test_subsampled,split_allocate,centroid_distance,4,0.8448543360233307,0.892,180.604,0.7503131385468712,13.890607833862305,8.114774942398071,,colmodernvbert
infovqa_test_subsampled,importance_weighted_distance,centroid_distance,4,0.8459563884735107,0.894,180.604,0.7503131385468712,11.099332809448242,8.060818910598755,,colmodernvbert
infovqa_test_subsampled,random,n/a,8,0.7004482073783874,0.79,89.804,0.8758450593235101,,,,colmodernvbert
infovqa_test_subsampled,hierarchical,n/a,8,0.8204729313850403,0.876,89.804,0.8758450593235101,34.302703619003296,7.201998472213745,,colmodernvbert
infovqa_test_subsampled,weighted_hierarchical,self_similarity,8,0.8081162481307983,0.87,89.804,0.8758450593235101,34.76627516746521,7.096147298812866,,colmodernvbert
infovqa_test_subsampled,split_allocate,self_similarity,8,0.7981827354431152,0.86,89.804,0.8758450593235101,11.851579427719116,6.933539152145386,,colmodernvbert
infovqa_test_subsampled,importance_weighted_distance,self_similarity,8,0.8215285749435425,0.868,89.804,0.8758450593235101,8.750605583190918,7.064671277999878,,colmodernvbert
infovqa_test_subsampled,weighted_hierarchical,centroid_distance,8,0.8243842006921768,0.88,89.804,0.8758450593235101,34.6215033531189,6.932548761367798,,colmodernvbert
infovqa_test_subsampled,split_allocate,centroid_distance,8,0.8125677537918091,0.874,89.804,0.8758450593235101,11.482663869857788,6.754102945327759,,colmodernvbert
infovqa_test_subsampled,importance_weighted_distance,centroid_distance,8,0.8209053891897201,0.87,89.804,0.8758450593235101,8.676520824432373,7.061353921890259,,colmodernvbert
tatdqa_test,none,n/a,1,0.7261793186201507,0.8340348767288034,1080.346570397112,0.0,2.384185791015625e-06,20.749171018600464,,colmodernvbert
tatdqa_test,random,n/a,2,0.6871322386965864,0.7943475646422129,539.6895306859205,0.5004477771540086,,,,colmodernvbert
tatdqa_test,hierarchical,n/a,2,0.7174929768581815,0.8316295850871919,539.6895306859205,0.5004477771540086,48.2482590675354,17.99362063407898,,colmodernvbert
tatdqa_test,weighted_hierarchical,self_similarity,2,0.7187429412760364,0.8364401683704149,539.6895306859205,0.5004477771540086,50.10261058807373,18.385072231292725,,colmodernvbert
tatdqa_test,split_allocate,self_similarity,2,0.7132614753867085,0.8286229705351774,539.6895306859205,0.5004477771540086,19.082167148590088,18.17298412322998,,colmodernvbert
tatdqa_test,importance_weighted_distance,self_similarity,2,0.7174034586027309,0.8316295850871919,539.6895306859205,0.5004477771540086,13.964866876602173,18.5667724609375,,colmodernvbert
tatdqa_test,weighted_hierarchical,centroid_distance,2,0.7182361027309856,0.8322309079975947,539.6895306859205,0.5004477771540086,50.302260637283325,18.832473278045654,,colmodernvbert
tatdqa_test,split_allocate,centroid_distance,2,0.7206551899984524,0.8286229705351774,539.6895306859205,0.5004477771540086,18.961846113204956,18.048168659210205,,colmodernvbert
tatdqa_test,importance_weighted_distance,centroid_distance,2,0.7185922775796144,0.8286229705351774,539.6895306859205,0.5004477771540086,13.996435642242432,18.326258659362793,,colmodernvbert
tatdqa_test,random,n/a,4,0.6030645612414458,0.7294046903187011,269.8447653429603,0.7502238885770043,,,,colmodernvbert
tatdqa_test,hierarchical,n/a,4,0.7127286094681584,0.8262176788935659,269.8447653429603,0.7502238885770043,44.858696699142456,15.417002201080322,,colmodernvbert
tatdqa_test,weighted_hierarchical,self_similarity,4,0.7057884239103875,0.8171978352375225,269.8447653429603,0.7502238885770043,46.2771782875061,15.086632490158081,,colmodernvbert
tatdqa_test,split_allocate,self_similarity,4,0.6962001139832346,0.814792543595911,269.8447653429603,0.7502238885770043,15.255981922149658,14.952770233154297,,colmodernvbert
tatdqa_test,importance_weighted_distance,self_similarity,4,0.7081717425129604,0.8286229705351774,269.8447653429603,0.7502238885770043,11.1414213180542,15.075329065322876,,colmodernvbert
tatdqa_test,weighted_hierarchical,centroid_distance,4,0.7133128610419998,0.8268190018039687,269.8447653429603,0.7502238885770043,45.74367618560791,15.491766691207886,,colmodernvbert
tatdqa_test,split_allocate,centroid_distance,4,0.7090975646505281,0.8196031268791341,269.8447653429603,0.7502238885770043,15.353306293487549,14.966082572937012,,colmodernvbert
tatdqa_test,importance_weighted_distance,centroid_distance,4,0.7117237479874547,0.8214070956103428,269.8447653429603,0.7502238885770043,10.882646799087524,15.104912281036377,,colmodernvbert
tatdqa_test,random,n/a,8,0.5236301867989123,0.6428141912206855,134.42238267148014,0.8755747587349961,,,,colmodernvbert
tatdqa_test,hierarchical,n/a,8,0.6876542112301146,0.8087793144918821,134.42238267148014,0.8755747587349961,42.96652412414551,14.025257349014282,,colmodernvbert
tatdqa_test,weighted_hierarchical,self_similarity,8,0.6654189646566624,0.783523752254961,134.42238267148014,0.8755747587349961,43.554354667663574,13.889178991317749,,colmodernvbert
tatdqa_test,split_allocate,self_similarity,8,0.6216004557517804,0.7480457005411906,134.42238267148014,0.8755747587349961,13.66864538192749,13.390304327011108,,colmodernvbert
tatdqa_test,importance_weighted_distance,self_similarity,8,0.6844800765874224,0.7985568250150331,134.42238267148014,0.8755747587349961,9.285798072814941,13.683653593063354,,colmodernvbert
tatdqa_test,weighted_hierarchical,centroid_distance,8,0.6892123801910368,0.8117859290438966,134.42238267148014,0.8755747587349961,43.91653513908386,13.76080322265625,,colmodernvbert
tatdqa_test,split_allocate,centroid_distance,8,0.6909841439914646,0.8099819603126879,134.42238267148014,0.8755747587349961,13.737048149108887,13.466127395629883,,colmodernvbert
tatdqa_test,importance_weighted_distance,centroid_distance,8,0.6956835917443019,0.8069753457606735,134.42238267148014,0.8755747587349961,9.161008834838867,13.736708641052246,,colmodernvbert
arxivqa_test_subsampled,none,n/a,1,0.751624479174614,0.834,886.722,0.0,7.152557373046875e-07,11.56164002418518,,colmodernvbert
arxivqa_test_subsampled,random,n/a,2,0.7200879117250443,0.786,443.034,0.5003687739787668,,,,colmodernvbert
arxivqa_test_subsampled,hierarchical,n/a,2,0.7483378443717956,0.822,443.034,0.5003687739787668,56.97893834114075,10.326653242111206,,colmodernvbert
arxivqa_test_subsampled,weighted_hierarchical,self_similarity,2,0.7480795998573303,0.82,443.034,0.5003687739787668,60.88941049575806,10.819392681121826,,colmodernvbert
arxivqa_test_subsampled,split_allocate,self_similarity,2,0.7481909395456314,0.818,443.034,0.5003687739787668,24.698424100875854,10.617046356201172,,colmodernvbert
arxivqa_test_subsampled,importance_weighted_distance,self_similarity,2,0.7507739697694779,0.828,443.034,0.5003687739787668,19.287190675735474,10.494117021560669,,colmodernvbert
arxivqa_test_subsampled,weighted_hierarchical,centroid_distance,2,0.746980079293251,0.818,443.034,0.5003687739787668,61.24173021316528,10.921180486679077,,colmodernvbert
arxivqa_test_subsampled,split_allocate,centroid_distance,2,0.7446388840675354,0.822,443.034,0.5003687739787668,24.618350505828857,10.357225179672241,,colmodernvbert
arxivqa_test_subsampled,importance_weighted_distance,centroid_distance,2,0.7527940481901169,0.83,443.034,0.5003687739787668,19.638029098510742,10.51572322845459,,colmodernvbert
arxivqa_test_subsampled,random,n/a,4,0.6860677807331085,0.754,221.374,0.7503456551207707,,,,colmodernvbert
arxivqa_test_subsampled,hierarchical,n/a,4,0.7427254484891892,0.814,221.374,0.7503456551207707,54.50241804122925,8.711235284805298,,colmodernvbert
arxivqa_test_subsampled,weighted_hierarchical,self_similarity,4,0.7393935418128967,0.808,221.374,0.7503456551207707,54.245994091033936,8.888059854507446,,colmodernvbert
arxivqa_test_subsampled,split_allocate,self_similarity,4,0.7365842710733413,0.804,221.374,0.7503456551207707,19.33671259880066,8.679260969161987,,colmodernvbert
arxivqa_test_subsampled,importance_weighted_distance,self_similarity,4,0.7503580292463302,0.826,221.374,0.7503456551207707,14.306106567382812,8.930217266082764,,colmodernvbert
arxivqa_test_subsampled,weighted_hierarchical,centroid_distance,4,0.7429363087415696,0.814,221.374,0.7503456551207707,53.8086838722229,8.817661762237549,,colmodernvbert
arxivqa_test_subsampled,split_allocate,centroid_distance,4,0.7400275174379348,0.812,221.374,0.7503456551207707,18.36361789703369,8.350048780441284,,colmodernvbert
arxivqa_test_subsampled,importance_weighted_distance,centroid_distance,4,0.746033297419548,0.82,221.374,0.7503456551207707,13.800479650497437,8.679555654525757,,colmodernvbert
arxivqa_test_subsampled,random,n/a,8,0.6475595483779907,0.722,110.33,0.8755754340142683,,,,colmodernvbert
arxivqa_test_subsampled,hierarchical,n/a,8,0.7408640953302383,0.812,110.33,0.8755754340142683,49.59918928146362,7.586131811141968,,colmodernvbert
arxivqa_test_subsampled,weighted_hierarchical,self_similarity,8,0.7335192863941192,0.8,110.33,0.8755754340142683,50.21942758560181,7.593016624450684,,colmodernvbert
arxivqa_test_subsampled,split_allocate,self_similarity,8,0.7196069339513779,0.78,110.33,0.8755754340142683,17.214640140533447,7.655967473983765,,colmodernvbert
arxivqa_test_subsampled,importance_weighted_distance,self_similarity,8,0.7315168070793152,0.808,110.33,0.8755754340142683,11.982394695281982,7.609089374542236,,colmodernvbert
arxivqa_test_subsampled,weighted_hierarchical,centroid_distance,8,0.7415666706562042,0.812,110.33,0.8755754340142683,50.31898784637451,7.565287351608276,,colmodernvbert
arxivqa_test_subsampled,split_allocate,centroid_distance,8,0.7350749555826187,0.804,110.33,0.8755754340142683,16.291026830673218,7.240603923797607,,colmodernvbert
arxivqa_test_subsampled,importance_weighted_distance,centroid_distance,8,0.7381981682777404,0.812,110.33,0.8755754340142683,11.600955724716187,7.424579620361328,,colmodernvbert
tabfquad_test_subsampled,none,n/a,1,0.7594323136976787,0.8392857142857143,740.2142857142857,0.0,1.6689300537109375e-06,0.8269321918487549,,colmodernvbert
tabfquad_test_subsampled,random,n/a,2,0.7198613234928676,0.8142857142857143,369.8142857142857,0.5003956383286693,,,,colmodernvbert
tabfquad_test_subsampled,hierarchical,n/a,2,0.7545408429844039,0.8357142857142857,369.8142857142857,0.5003956383286693,5.319933652877808,0.6775331497192383,,colmodernvbert
tabfquad_test_subsampled,weighted_hierarchical,self_similarity,2,0.7539905537452016,0.8428571428571429,369.8142857142857,0.5003956383286693,5.813641786575317,0.6990394592285156,,colmodernvbert
tabfquad_test_subsampled,split_allocate,self_similarity,2,0.7474506169557571,0.825,369.8142857142857,0.5003956383286693,2.4340767860412598,0.6758942604064941,,colmodernvbert
tabfquad_test_subsampled,importance_weighted_distance,self_similarity,2,0.7487879925540515,0.825,369.8142857142857,0.5003956383286693,2.119331121444702,0.6716105937957764,,colmodernvbert
tabfquad_test_subsampled,weighted_hierarchical,centroid_distance,2,0.7519046270421573,0.8357142857142857,369.8142857142857,0.5003956383286693,5.72851824760437,0.6793696880340576,,colmodernvbert
tabfquad_test_subsampled,split_allocate,centroid_distance,2,0.7575535950916154,0.8392857142857143,369.8142857142857,0.5003956383286693,2.4096391201019287,0.6674354076385498,,colmodernvbert
tabfquad_test_subsampled,importance_weighted_distance,centroid_distance,2,0.7561719779457364,0.8392857142857143,369.8142857142857,0.5003956383286693,1.9806838035583496,0.6733505725860596,,colmodernvbert
tabfquad_test_subsampled,random,n/a,4,0.6858563344393458,0.7714285714285715,184.64285714285714,0.7505548586316704,,,,colmodernvbert
tabfquad_test_subsampled,hierarchical,n/a,4,0.7430839025548526,0.8285714285714286,184.64285714285714,0.7505548586316704,4.872361898422241,0.5827467441558838,,colmodernvbert
tabfquad_test_subsampled,weighted_hierarchical,self_similarity,4,0.7484262027910777,0.8321428571428572,184.64285714285714,0.7505548586316704,4.966870069503784,0.5843555927276611,,colmodernvbert
tabfquad_test_subsampled,split_allocate,self_similarity,4,0.7497969395348004,0.8392857142857143,184.64285714285714,0.7505548586316704,1.8559386730194092,0.5707418918609619,,colmodernvbert
tabfquad_test_subsampled,importance_weighted_distance,self_similarity,4,0.7411710737007005,0.8285714285714286,184.64285714285714,0.7505548586316704,1.4778790473937988,0.5782027244567871,,colmodernvbert
tabfquad_test_subsampled,weighted_hierarchical,centroid_distance,4,0.7430839025548526,0.8285714285714286,184.64285714285714,0.7505548586316704,4.9811224937438965,0.5750751495361328,,colmodernvbert
tabfquad_test_subsampled,split_allocate,centroid_distance,4,0.7567960977554321,0.8321428571428572,184.64285714285714,0.7505548586316704,1.8464915752410889,0.575115442276001,,colmodernvbert
tabfquad_test_subsampled,importance_weighted_distance,centroid_distance,4,0.7459465003439358,0.825,184.64285714285714,0.7505548586316704,1.4712731838226318,0.5777449607849121,,colmodernvbert
tabfquad_test_subsampled,random,n/a,8,0.6519701666065625,0.7464285714285714,92.08571428571429,0.8755958699218374,,,,colmodernvbert
tabfquad_test_subsampled,hierarchical,n/a,8,0.7339141066585269,0.8142857142857143,92.08571428571429,0.8755958699218374,4.534496784210205,0.5021529197692871,,colmodernvbert
tabfquad_test_subsampled,weighted_hierarchical,self_similarity,8,0.729841057743345,0.8035714285714286,92.08571428571429,0.8755958699218374,4.626348257064819,0.5024333000183105,,colmodernvbert
tabfquad_test_subsampled,split_allocate,self_similarity,8,0.705240727535316,0.8,92.08571428571429,0.8755958699218374,1.560873031616211,0.5083987712860107,,colmodernvbert
tabfquad_test_subsampled,importance_weighted_distance,self_similarity,8,0.7415476098656655,0.8214285714285714,92.08571428571429,0.8755958699218374,1.2145164012908936,0.5083978176116943,,colmodernvbert
tabfquad_test_subsampled,weighted_hierarchical,centroid_distance,8,0.7332624258739607,0.8142857142857143,92.08571428571429,0.8755958699218374,4.603357791900635,0.5039606094360352,,colmodernvbert
tabfquad_test_subsampled,split_allocate,centroid_distance,8,0.7583573643650328,0.8357142857142857,92.08571428571429,0.8755958699218374,1.5969319343566895,0.5130958557128906,,colmodernvbert
tabfquad_test_subsampled,importance_weighted_distance,centroid_distance,8,0.7525877348014287,0.8428571428571429,92.08571428571429,0.8755958699218374,1.3278777599334717,0.5060102939605713,,colmodernvbert
syntheticDocQA_energy_test,none,n/a,1,0.9382114374637603,0.98,1117.6223132036848,0.0,2.6226043701171875e-06,4.4866042137146,,colmodernvbert
syntheticDocQA_energy_test,random,n/a,2,0.9182114374637603,0.98,558.3275332650973,0.5004327251979774,,,,colmodernvbert
syntheticDocQA_energy_test,hierarchical,n/a,2,0.9419021397829056,0.98,558.3275332650973,0.5004327251979774,173.82801628112793,4.36127495765686,,colmodernvbert
syntheticDocQA_energy_test,weighted_hierarchical,self_similarity,2,0.9423403775691986,0.98,558.3275332650973,0.5004327251979774,182.30587196350098,4.7566211223602295,,colmodernvbert
syntheticDocQA_energy_test,split_allocate,self_similarity,2,0.9419021397829056,0.98,558.3275332650973,0.5004327251979774,67.12062573432922,4.624415159225464,,colmodernvbert
syntheticDocQA_energy_test,importance_weighted_distance,self_similarity,2,0.9405928421020507,0.98,558.3275332650973,0.5004327251979774,49.133060932159424,4.682760000228882,,colmodernvbert
syntheticDocQA_energy_test,weighted_hierarchical,centroid_distance,2,0.9419021397829056,0.98,558.3275332650973,0.5004327251979774,182.30981492996216,4.876346826553345,,colmodernvbert
syntheticDocQA_energy_test,split_allocate,centroid_distance,2,0.9256522071361541,0.97,558.3275332650973,0.5004327251979774,66.76041793823242,4.5102972984313965,,colmodernvbert
syntheticDocQA_energy_test,importance_weighted_distance,centroid_distance,2,0.9380336117744446,0.97,558.3275332650973,0.5004327251979774,48.98230767250061,4.533032417297363,,colmodernvbert
syntheticDocQA_energy_test,random,n/a,4,0.9221625518798828,0.95,279.16376663254863,0.7502163625989887,,,,colmodernvbert
syntheticDocQA_energy_test,hierarchical,n/a,4,0.9332114374637603,0.98,279.16376663254863,0.7502163625989887,162.15474033355713,3.38571834564209,,colmodernvbert
syntheticDocQA_energy_test,weighted_hierarchical,self_similarity,4,0.9349589729309082,0.98,279.16376663254863,0.7502163625989887,166.39552068710327,3.611609697341919,,colmodernvbert
syntheticDocQA_energy_test,split_allocate,self_similarity,4,0.9369021397829056,0.98,279.16376663254863,0.7502163625989887,55.27882432937622,3.320499897003174,,colmodernvbert
syntheticDocQA_energy_test,importance_weighted_distance,self_similarity,4,0.9343429094552994,0.97,279.16376663254863,0.7502163625989887,38.276933431625366,3.421940565109253,,colmodernvbert
syntheticDocQA_energy_test,weighted_hierarchical,centroid_distance,4,0.9332114374637603,0.98,279.16376663254863,0.7502163625989887,166.53926610946655,3.605475664138794,,colmodernvbert
syntheticDocQA_energy_test,split_allocate,centroid_distance,4,0.9380336117744446,0.97,279.16376663254863,0.7502163625989887,55.305357694625854,3.293349504470825,,colmodernvbert
syntheticDocQA_energy_test,importance_weighted_distance,centroid_distance,4,0.9380336117744446,0.97,279.16376663254863,0.7502163625989887,38.056779861450195,3.4260504245758057,,colmodernvbert
syntheticDocQA_energy_test,random,n/a,8,0.8313635098934173,0.94,139.08188331627431,0.8755555596258691,,,,colmodernvbert
syntheticDocQA_energy_test,hierarchical,n/a,8,0.915136798620224,0.97,139.08188331627431,0.8755555596258691,156.42995929718018,3.456786632537842,,colmodernvbert
syntheticDocQA_energy_test,weighted_hierarchical,self_similarity,8,0.900136798620224,0.96,139.08188331627431,0.8755555596258691,159.33530044555664,3.602205753326416,,colmodernvbert
syntheticDocQA_energy_test,split_allocate,self_similarity,8,0.8821393305063248,0.94,139.08188331627431,0.8755555596258691,49.15728545188904,3.2106246948242188,,colmodernvbert
syntheticDocQA_energy_test,importance_weighted_distance,self_similarity,8,0.9208300328254699,0.98,139.08188331627431,0.8755555596258691,32.58107566833496,3.4693777561187744,,colmodernvbert
syntheticDocQA_energy_test,weighted_hierarchical,centroid_distance,8,0.9118843340873718,0.97,139.08188331627431,0.8755555596258691,159.25082683563232,3.5171890258789062,,colmodernvbert
syntheticDocQA_energy_test,split_allocate,centroid_distance,8,0.9208300328254699,0.97,139.08188331627431,0.8755555596258691,49.02881193161011,3.2056586742401123,,colmodernvbert
syntheticDocQA_energy_test,importance_weighted_distance,centroid_distance,8,0.9182114374637603,0.98,139.08188331627431,0.8755555596258691,32.56305909156799,3.547830104827881,,colmodernvbert
syntheticDocQA_government_reports_test,none,n/a,1,0.9294022744894028,0.98,1112.861111111111,0.0,1.9073486328125e-06,4.413708209991455,,colmodernvbert
syntheticDocQA_government_reports_test,random,n/a,2,0.8850183379650116,0.95,555.9382716049382,0.5004423588403819,,,,colmodernvbert
syntheticDocQA_government_reports_test,hierarchical,n/a,2,0.931961504817009,0.98,555.9382716049382,0.5004423588403819,171.88406324386597,4.26289701461792,,colmodernvbert
syntheticDocQA_government_reports_test,weighted_hierarchical,self_similarity,2,0.9287090402841568,0.98,555.9382716049382,0.5004423588403819,180.35320234298706,4.8138837814331055,,colmodernvbert
syntheticDocQA_government_reports_test,split_allocate,self_similarity,2,0.9247811472415924,0.98,555.9382716049382,0.5004423588403819,66.29167103767395,4.463498115539551,,colmodernvbert
syntheticDocQA_government_reports_test,importance_weighted_distance,self_similarity,2,0.926961504817009,0.98,555.9382716049382,0.5004423588403819,48.6515326499939,4.567241907119751,,colmodernvbert
syntheticDocQA_government_reports_test,weighted_hierarchical,centroid_distance,2,0.931961504817009,0.98,555.9382716049382,0.5004423588403819,180.42602515220642,4.769750356674194,,colmodernvbert
syntheticDocQA_government_reports_test,split_allocate,centroid_distance,2,0.9294022744894028,0.98,555.9382716049382,0.5004423588403819,66.05739688873291,4.495561599731445,,colmodernvbert
syntheticDocQA_government_reports_test,importance_weighted_distance,centroid_distance,2,0.9306522071361542,0.98,555.9382716049382,0.5004423588403819,49.02350091934204,4.533702611923218,,colmodernvbert
syntheticDocQA_government_reports_test,random,n/a,4,0.8690879130363465,0.94,277.9691358024691,0.750221179420191,,,,colmodernvbert
syntheticDocQA_government_reports_test,hierarchical,n/a,4,0.9256522071361541,0.98,277.9691358024691,0.750221179420191,160.03522658348083,3.3658699989318848,,colmodernvbert
syntheticDocQA_government_reports_test,weighted_hierarchical,self_similarity,4,0.9291650837659836,0.98,277.9691358024691,0.750221179420191,164.49011397361755,3.522749662399292,,colmodernvbert
syntheticDocQA_government_reports_test,split_allocate,self_similarity,4,0.9047579258680344,0.98,277.9691358024691,0.750221179420191,54.64864993095398,3.275193929672241,,colmodernvbert
syntheticDocQA_government_reports_test,importance_weighted_distance,self_similarity,4,0.917399742603302,0.98,277.9691358024691,0.750221179420191,39.209959983825684,3.4957566261291504,,colmodernvbert
syntheticDocQA_government_reports_test,weighted_hierarchical,centroid_distance,4,0.9293429094552994,0.98,277.9691358024691,0.750221179420191,168.40615129470825,3.6071062088012695,,colmodernvbert
syntheticDocQA_government_reports_test,split_allocate,centroid_distance,4,0.9267836791276932,0.98,277.9691358024691,0.750221179420191,57.98735189437866,3.6031270027160645,,colmodernvbert
syntheticDocQA_government_reports_test,importance_weighted_distance,centroid_distance,4,0.9256522071361541,0.99,277.9691358024691,0.750221179420191,40.125189781188965,3.9687929153442383,,colmodernvbert
syntheticDocQA_government_reports_test,random,n/a,8,0.8026423424482345,0.93,138.48456790123456,0.8755598820746213,,,,colmodernvbert
syntheticDocQA_government_reports_test,hierarchical,n/a,8,0.9087090402841568,0.97,138.48456790123456,0.8755598820746213,159.7596414089203,3.3479855060577393,,colmodernvbert
syntheticDocQA_government_reports_test,weighted_hierarchical,self_similarity,8,0.9044022744894028,0.97,138.48456790123456,0.8755598820746213,161.85230588912964,3.653625726699829,,colmodernvbert
syntheticDocQA_government_reports_test,split_allocate,self_similarity,8,0.8820027947425843,0.98,138.48456790123456,0.8755598820746213,50.61414670944214,3.1922717094421387,,colmodernvbert
syntheticDocQA_government_reports_test,importance_weighted_distance,self_similarity,8,0.8975775682926178,0.98,138.48456790123456,0.8755598820746213,32.54817342758179,3.690366268157959,,colmodernvbert
syntheticDocQA_government_reports_test,weighted_hierarchical,centroid_distance,8,0.9044022744894028,0.97,138.48456790123456,0.8755598820746213,161.49190759658813,3.636934280395508,,colmodernvbert
syntheticDocQA_government_reports_test,split_allocate,centroid_distance,8,0.9088868659734726,0.98,138.48456790123456,0.8755598820746213,50.45047664642334,3.235396146774292,,colmodernvbert
syntheticDocQA_government_reports_test,importance_weighted_distance,centroid_distance,8,0.9067836791276932,0.97,138.48456790123456,0.8755598820746213,33.0248806476593,3.4781601428985596,,colmodernvbert
syntheticDocQA_healthcare_industry_test,none,n/a,1,0.9676185953617096,0.99,1068.1906735751295,0.0,9.5367431640625e-07,4.406480550765991,,colmodernvbert
syntheticDocQA_healthcare_industry_test,random,n/a,2,0.9428557860851288,0.98,533.6476683937824,0.5004190903411317,,,,colmodernvbert
syntheticDocQA_healthcare_industry_test,hierarchical,n/a,2,0.9577964210510254,0.98,533.6476683937824,0.5004190903411317,159.3471577167511,4.92361044883728,,colmodernvbert
syntheticDocQA_healthcare_industry_test,weighted_hierarchical,self_similarity,2,0.9552371907234192,0.98,533.6476683937824,0.5004190903411317,168.4967167377472,5.2457380294799805,,colmodernvbert
syntheticDocQA_healthcare_industry_test,split_allocate,self_similarity,2,0.9582346588373184,0.98,533.6476683937824,0.5004190903411317,63.19372630119324,4.651553153991699,,colmodernvbert
syntheticDocQA_healthcare_industry_test,importance_weighted_distance,self_similarity,2,0.9657938891649246,0.99,533.6476683937824,0.5004190903411317,47.23763346672058,5.177133321762085,,colmodernvbert
syntheticDocQA_healthcare_industry_test,weighted_hierarchical,centroid_distance,2,0.9577964210510254,0.98,533.6476683937824,0.5004190903411317,168.1069688796997,5.196532964706421,,colmodernvbert
syntheticDocQA_healthcare_industry_test,split_allocate,centroid_distance,2,0.9545439565181733,0.98,533.6476683937824,0.5004190903411317,63.30470108985901,4.7611753940582275,,colmodernvbert
syntheticDocQA_healthcare_industry_test,importance_weighted_distance,centroid_distance,2,0.9614871233701706,0.99,533.6476683937824,0.5004190903411317,47.31830143928528,5.186166524887085,,colmodernvbert
syntheticDocQA_healthcare_industry_test,random,n/a,4,0.911961504817009,0.98,266.8238341968912,0.7502095451705659,,,,colmodernvbert
syntheticDocQA_healthcare_industry_test,hierarchical,n/a,4,0.9669253611564637,0.99,266.8238341968912,0.7502095451705659,149.5542607307434,3.5873653888702393,,colmodernvbert
syntheticDocQA_healthcare_industry_test,weighted_hierarchical,self_similarity,4,0.956546488404274,0.99,266.8238341968912,0.7502095451705659,152.59518337249756,3.6021311283111572,,colmodernvbert
syntheticDocQA_healthcare_industry_test,split_allocate,self_similarity,4,0.9576185953617096,0.97,266.8238341968912,0.7502095451705659,52.08338284492493,3.372577428817749,,colmodernvbert
syntheticDocQA_healthcare_industry_test,importance_weighted_distance,self_similarity,4,0.9639278930425644,0.99,266.8238341968912,0.7502095451705659,36.470266580581665,3.586616039276123,,colmodernvbert
syntheticDocQA_healthcare_industry_test,weighted_hierarchical,centroid_distance,4,0.9664871233701706,0.99,266.8238341968912,0.7502095451705659,152.76085877418518,3.6999897956848145,,colmodernvbert
syntheticDocQA_healthcare_industry_test,split_allocate,centroid_distance,4,0.946546488404274,0.97,266.8238341968912,0.7502095451705659,51.5622456073761,3.4514026641845703,,colmodernvbert
syntheticDocQA_healthcare_industry_test,importance_weighted_distance,centroid_distance,4,0.9714871233701706,0.99,266.8238341968912,0.7502095451705659,36.846144676208496,3.6843302249908447,,colmodernvbert
syntheticDocQA_healthcare_industry_test,random,n/a,8,0.8066112625598908,0.92,132.9119170984456,0.8755728538111998,,,,colmodernvbert
syntheticDocQA_healthcare_industry_test,hierarchical,n/a,8,0.9495439565181732,0.98,132.9119170984456,0.8755728538111998,143.1038908958435,3.547297954559326,,colmodernvbert
syntheticDocQA_healthcare_industry_test,weighted_hierarchical,self_similarity,8,0.9343429094552994,0.98,132.9119170984456,0.8755728538111998,145.12393379211426,3.5673394203186035,,colmodernvbert
syntheticDocQA_healthcare_industry_test,split_allocate,self_similarity,8,0.9388507223129272,0.97,132.9119170984456,0.8755728538111998,45.86548852920532,3.246591806411743,,colmodernvbert
syntheticDocQA_healthcare_industry_test,importance_weighted_distance,self_similarity,8,0.9489278930425644,0.98,132.9119170984456,0.8755728538111998,30.552549600601196,3.649047374725342,,colmodernvbert
syntheticDocQA_healthcare_industry_test,weighted_hierarchical,centroid_distance,8,0.9502371907234192,0.98,132.9119170984456,0.8755728538111998,146.30756974220276,3.6183574199676514,,colmodernvbert
syntheticDocQA_healthcare_industry_test,split_allocate,centroid_distance,8,0.9341057187318802,0.97,132.9119170984456,0.8755728538111998,45.46138834953308,3.2497737407684326,,colmodernvbert
syntheticDocQA_healthcare_industry_test,importance_weighted_distance,centroid_distance,8,0.9478557860851288,0.98,132.9119170984456,0.8755728538111998,30.386157989501953,3.585207462310791,,colmodernvbert
syntheticDocQA_artificial_intelligence_test,none,n/a,1,0.975853254199028,1.0,1112.9669421487604,0.0,1.1920928955078125e-06,4.528304576873779,,colmodernvbert
syntheticDocQA_artificial_intelligence_test,random,n/a,2,0.9582346588373184,0.98,556.0,0.5004343984138888,,,,colmodernvbert
syntheticDocQA_artificial_intelligence_test,hierarchical,n/a,2,0.9782346588373184,1.0,556.0,0.5004343984138888,171.25283527374268,4.722984075546265,,colmodernvbert
syntheticDocQA_artificial_intelligence_test,weighted_hierarchical,self_similarity,2,0.9745439565181733,1.0,556.0,0.5004343984138888,179.52568435668945,4.967855453491211,,colmodernvbert
syntheticDocQA_artificial_intelligence_test,split_allocate,self_similarity,2,0.975853254199028,1.0,556.0,0.5004343984138888,65.96427011489868,4.5198798179626465,,colmodernvbert
syntheticDocQA_artificial_intelligence_test,importance_weighted_distance,self_similarity,2,0.9745439565181733,1.0,556.0,0.5004343984138888,48.90857553482056,4.923308372497559,,colmodernvbert
syntheticDocQA_artificial_intelligence_test,weighted_hierarchical,centroid_distance,2,0.9782346588373184,1.0,556.0,0.5004343984138888,180.7861032485962,5.3116254806518555,,colmodernvbert
syntheticDocQA_artificial_intelligence_test,split_allocate,centroid_distance,2,0.9745439565181733,1.0,556.0,0.5004343984138888,68.56938743591309,4.766093969345093,,colmodernvbert
syntheticDocQA_artificial_intelligence_test,importance_weighted_distance,centroid_distance,2,0.9745439565181733,1.0,556.0,0.5004343984138888,50.62992882728577,4.964124441146851,,colmodernvbert
syntheticDocQA_artificial_intelligence_test,random,n/a,4,0.9430336117744446,0.98,278.0,0.7502171992069444,,,,colmodernvbert
syntheticDocQA_artificial_intelligence_test,hierarchical,n/a,4,0.9745439565181733,1.0,278.0,0.7502171992069444,166.18672251701355,3.6986608505249023,,colmodernvbert
syntheticDocQA_artificial_intelligence_test,weighted_hierarchical,self_similarity,4,0.9745439565181733,1.0,278.0,0.7502171992069444,169.63666820526123,3.5165090560913086,,colmodernvbert
syntheticDocQA_artificial_intelligence_test,split_allocate,self_similarity,4,0.9595439565181733,0.98,278.0,0.7502171992069444,56.71275544166565,3.3778390884399414,,colmodernvbert
syntheticDocQA_artificial_intelligence_test,importance_weighted_distance,self_similarity,4,0.9775414246320725,1.0,278.0,0.7502171992069444,39.018266916275024,3.714449405670166,,colmodernvbert
syntheticDocQA_artificial_intelligence_test,weighted_hierarchical,centroid_distance,4,0.9745439565181733,1.0,278.0,0.7502171992069444,172.0139355659485,3.4636263847351074,,colmodernvbert
syntheticDocQA_artificial_intelligence_test,split_allocate,centroid_distance,4,0.9775414246320725,1.0,278.0,0.7502171992069444,54.629600048065186,3.2967681884765625,,colmodernvbert
syntheticDocQA_artificial_intelligence_test,importance_weighted_distance,centroid_distance,4,0.9775414246320725,1.0,278.0,0.7502171992069444,39.52563238143921,3.914121150970459,,colmodernvbert
syntheticDocQA_artificial_intelligence_test,random,n/a,8,0.8956522071361541,0.96,138.5,0.8755578492451863,,,,colmodernvbert
syntheticDocQA_artificial_intelligence_test,hierarchical,n/a,8,0.9502371907234192,0.98,138.5,0.8755578492451863,159.7244462966919,3.5987236499786377,,colmodernvbert
syntheticDocQA_artificial_intelligence_test,weighted_hierarchical,self_similarity,8,0.9441650837659836,0.98,138.5,0.8755578492451863,161.4202048778534,3.537889242172241,,colmodernvbert
syntheticDocQA_artificial_intelligence_test,split_allocate,self_similarity,8,0.9255928421020507,0.97,138.5,0.8755578492451863,49.986844301223755,3.118645668029785,,colmodernvbert
syntheticDocQA_artificial_intelligence_test,importance_weighted_distance,self_similarity,8,0.9638507223129272,0.99,138.5,0.8755578492451863,33.06061840057373,3.595553159713745,,colmodernvbert
syntheticDocQA_artificial_intelligence_test,weighted_hierarchical,centroid_distance,8,0.9575414246320725,0.99,138.5,0.8755578492451863,159.96131324768066,3.5564215183258057,,colmodernvbert
syntheticDocQA_artificial_intelligence_test,split_allocate,centroid_distance,8,0.9721031868457795,1.0,138.5,0.8755578492451863,49.82302927970886,3.2180097103118896,,colmodernvbert
syntheticDocQA_artificial_intelligence_test,importance_weighted_distance,centroid_distance,8,0.9745439565181733,1.0,138.5,0.8755578492451863,33.54892158508301,3.6175296306610107,,colmodernvbert
shiftproject_test,none,n/a,1,0.6303200399875641,0.76,884.994,0.0,1.430511474609375e-06,4.471682071685791,,colmodernvbert
shiftproject_test,random,n/a,2,0.6078201681375504,0.77,442.0,0.5005615857282648,,,,colmodernvbert
shiftproject_test,hierarchical,n/a,2,0.6228382432460785,0.77,442.0,0.5005615857282648,97.23544359207153,5.406066417694092,,colmodernvbert
shiftproject_test,weighted_hierarchical,self_similarity,2,0.603413016796112,0.75,442.0,0.5005615857282648,103.08225584030151,4.960488557815552,,colmodernvbert
shiftproject_test,split_allocate,self_similarity,2,0.6283355766534805,0.78,442.0,0.5005615857282648,42.8680374622345,4.481232404708862,,colmodernvbert
shiftproject_test,importance_weighted_distance,self_similarity,2,0.629165346622467,0.78,442.0,0.5005615857282648,35.417874336242676,5.7297163009643555,,colmodernvbert
shiftproject_test,weighted_hierarchical,centroid_distance,2,0.6152790129184723,0.76,442.0,0.5005615857282648,105.91942834854126,5.098579406738281,,colmodernvbert
shiftproject_test,split_allocate,centroid_distance,2,0.6340881758928298,0.8,442.0,0.5005615857282648,44.82857418060303,4.826982021331787,,colmodernvbert
shiftproject_test,importance_weighted_distance,centroid_distance,2,0.6190468859672547,0.76,442.0,0.5005615857282648,35.47892880439758,4.867286205291748,,colmodernvbert
shiftproject_test,random,n/a,4,0.5174410325288773,0.62,221.0,0.7502807928641324,,,,colmodernvbert
shiftproject_test,hierarchical,n/a,4,0.6208948069810867,0.76,221.0,0.7502807928641324,88.08301591873169,3.9832136631011963,,colmodernvbert
shiftproject_test,weighted_hierarchical,self_similarity,4,0.5994076836109161,0.75,221.0,0.7502807928641324,90.4126205444336,3.8544490337371826,,colmodernvbert
shiftproject_test,split_allocate,self_similarity,4,0.6215702354907989,0.77,221.0,0.7502807928641324,33.27236843109131,3.4722907543182373,,colmodernvbert
shiftproject_test,importance_weighted_distance,self_similarity,4,0.6362917548418046,0.78,221.0,0.7502807928641324,26.315505027770996,3.988752603530884,,colmodernvbert
shiftproject_test,weighted_hierarchical,centroid_distance,4,0.623454037308693,0.76,221.0,0.7502807928641324,90.09355974197388,3.8731908798217773,,colmodernvbert
shiftproject_test,split_allocate,centroid_distance,4,0.6346035844087601,0.78,221.0,0.7502807928641324,33.15147280693054,3.47106671333313,,colmodernvbert
shiftproject_test,importance_weighted_distance,centroid_distance,4,0.641487386226654,0.77,221.0,0.7502807928641324,26.228199005126953,3.9044435024261475,,colmodernvbert
shiftproject_test,random,n/a,8,0.34791514456272127,0.47,110.0,0.8757053720138216,,,,colmodernvbert
shiftproject_test,hierarchical,n/a,8,0.5909074664115905,0.73,110.0,0.8757053720138216,82.30276942253113,3.59724497795105,,colmodernvbert
shiftproject_test,weighted_hierarchical,self_similarity,8,0.533472112417221,0.69,110.0,0.8757053720138216,84.18665099143982,3.7227623462677,,colmodernvbert
shiftproject_test,split_allocate,self_similarity,8,0.5254152792692185,0.65,110.0,0.8757053720138216,28.289627075195312,3.0794191360473633,,colmodernvbert
shiftproject_test,importance_weighted_distance,self_similarity,8,0.5978509026765824,0.74,110.0,0.8757053720138216,21.71349287033081,3.630979299545288,,colmodernvbert
shiftproject_test,weighted_hierarchical,centroid_distance,8,0.597595636844635,0.74,110.0,0.8757053720138216,84.16556286811829,3.562739372253418,,colmodernvbert
shiftproject_test,split_allocate,centroid_distance,8,0.5788509851694107,0.73,110.0,0.8757053720138216,28.50164771080017,3.0743448734283447,,colmodernvbert
shiftproject_test,importance_weighted_distance,centroid_distance,8,0.5746988236904145,0.72,110.0,0.8757053720138216,21.692615032196045,3.602224349975586,,colmodernvbert
